Workbook

Sheet Timeline
A1: Phase | B1: Start Date | C1: End Date | D1: Description | E1: Sources | F1: u_min | G1: u_max | H1: v_t | I1: Sources: v_t taken from vaccination sheet
A2: 1 | B2: 43914 | C2: 44033 | D2: Nationwide lockdown | E2: Sharma et al. | F2: 0.65 | G2: 0.85 | H2: =Vaccination!S203 -> 0
A3: 2 | B3: 44034 | C3: 44061 | D3: Gradual reopening after lifting lockdown | E3: Rayamajhee et al. | F3: 0.4 | G3: 0.55 | H3: =Vaccination!S231 -> 0
A4: 3 | B4: 44062 | C4: 44119 | D4: Capital city preventive orders | E4: Kathmandu Post (2020/9/8) | F4: 0.5 | G4: 0.6 | H4: =Vaccination!S289 -> 0
A5: 4 | B5: 44120 | C5: 44135 | D5: Dashain 2020 festival guidance | E5: dpnet.org.np (2020/8/6) | F5: 0.2 | G5: 0.35 | H5: =Vaccination!S305 -> 0
A6: 5 | B6: 44136 | C6: 44155 | D6: Post-festival local NPIs | E6: Kathmandu Post (2020/11/6) | F6: 0.4 | G6: 0.55 | H6: =Vaccination!S325 -> 0
A7: 6 | B7: 44156 | C7: 44222 | D7: Winter NPIs (local level) | E7: Kathmandu Post (2020/12/1) | F7: 0.3 | G7: 0.4 | H7: =Vaccination!S392 -> 0
A8: 7 | B8: 44223 | C8: 44286 | D8: Vaccination campaign begins ( first and second phases) | E8: (who.int/nepal/news (2021/1/27) | F8: 0.35 | G8: 0.45 | H8: =Vaccination!S444 -> 0.0262
A9: 8 | B9: 44287 | C9: 44314 | D9: Rising cases pre-Delta warnings | E9: cdn.who.int/media (Situation Update # 51) | F9: 0.45 | G9: 0.5 | H9: =Vaccination!S484 -> 0.03425
A10: 9 | B10: 44315 | C10: 44439 | D10: Delta-prohibitory lockdown | E10: Adhikari et al. | F10: 0.7 | G10: 0.85 | H10: =Vaccination!S609 -> 0.1604
A11: 10 | B11: 44440 | C11: 44468 | D11: Reopening (moderate NPIs; schools conditional) | E11: Kathmandu Post (2021/9/2) | F11: 0.35 | G11: 0.45 | H11: =Vaccination!S638 -> 0.2202
A12: 11 | B12: 44469 | C12: 44511 | D12: Dashain, Tihar 2021 (festival guidelines) | E12: Kathmandu Post (2021/9/30) | F12: 0.2 | G12: 0.3 | H12: =Vaccination!S677 -> 0.2647
A13: 12 | B13: 44512 | C13: 44567 | D13: Post-festival period (vaccination scale-up) | E13: Kathmandu Post (2021/11/22) | F13: 0.4 | G13: 0.5 | H13: =Vaccination!S735 -> 0.4137
A14: 13 | B14: 44568 | C14: 44598 | D14: Omicron response (vaccination card for services) | E14: nmc.org.np (2022/1/24) | F14: 0.55 | G14: 0.65 | H14: =Vaccination!S762 -> 0.51135
A15: 14 | B15: 44599 | C15: 44624 | D15: Pre-lifting transition | E15: The Himalayan Times (2022/2/7) | F15: 0.35 | G15: 0.45 | H15: =Vaccination!S794 -> 0.6434
A16: 15 | B16: 44625 | C16: 44829 | D16: All restrictions lifted (endemic transition) | E16: The Himalayan Times (2022/3/4) | F16: 0.05 | G16: 0.25 | H16: =Vaccination!S999 -> 0.8137
A17: 16 | B17: 44830 | C17: 44865 | D17: Dashain, Tihar 2022 (normal) | E17: The Himalayan Times (2022/9/30) | F17: 0.05 | G17: 0.2 | H17: =Vaccination!S1027 -> 0.82955
A18: 17 | B18: 44866 | C18: 44895 | D18: Post festival period (normal) | E18: cdn.who.int/media (Situation Update # 133) | F18: 0 | G18: 0.15 | H18: =Vaccination!S1064 -> 0.83895
A19: 18 | B19: 44896 | C19: 44926 | D19: Post-pandemic normalization | E19: cdn.who.int/media (Situation Update # 138) | F19: 0.05 | G19: 0.2 | H19: =Vaccination!S1085 -> 0.84495

Sheet Vaccination
A1: Estimation of overall vaccination coverage (v_t) combining single and full dose coverage from OWID data
A2: v_t = MIN(1, (0.5*MAX(v_1-v_2,0) + 1*v_2)/100 ); v_1=people vaccinated % (one or two dose), v_2=people fully vaccinated %
A3: OWID DATA (filtered columns: Date, Country (Nepal), Vaccination Details | Q3: Computed by User (Shiva Hari Subedi)
A4: Date | B4: Country | C4: total_vaccinations | D4: people_vaccinated | E4: people_fully_vaccinated | F4: total_boosters | G4: new_vaccinations | H4: new_vaccinations_smoothed | I4: total_vaccinations_per_hundred | J4: people_vaccinated_per_hundred | K4: people_fully_vaccinated_per_hundred | L4: total_boosters_per_hundred | M4: new_vaccinations_smoothed_per_million | N4: new_people_vaccinated_smoothed | O4: new_people_vaccinated_smoothed_per_hundred | P4: stringency_index | R4: v_1-v_2 Single dose only (J-K) | S4: v_t
A5: 43835 | B5: Nepal | P5: 0 | R5: =J5-K5 -> 0 | S5: =MIN(1, (0.5*MAX(R5,0) + 1*K5)/100 ) -> 0
A6: 43836 | B6: Nepal | P6: 0 | R6: =J6-K6 -> 0 | S6: =MIN(1, (0.5*MAX(R6,0) + 1*K6)/100 ) -> 0
A7: 43837 | B7: Nepal | P7: 0 | R7: =J7-K7 -> 0 | S7: =MIN(1, (0.5*MAX(R7,0) + 1*K7)/100 ) -> 0
A8: 43838 | B8: Nepal | P8: 0 | R8: =J8-K8 -> 0 | S8: =MIN(1, (0.5*MAX(R8,0) + 1*K8)/100 ) -> 0
A9: 43839 | B9: Nepal | P9: 0 | R9: =J9-K9 -> 0 | S9: =MIN(1, (0.5*MAX(R9,0) + 1*K9)/100 ) -> 0
A10: 43840 | B10: Nepal | P10: 0 | R10: =J10-K10 -> 0 | S10: =MIN(1, (0.5*MAX(R10,0) + 1*K10)/100 ) -> 0
A11: 43841 | B11: Nepal | P11: 0 | R11: =J11-K11 -> 0 | S11: =MIN(1, (0.5*MAX(R11,0) + 1*K11)/100 ) -> 0
A12: 43842 | B12: Nepal | P12: 0 | R12: =J12-K12 -> 0 | S12: =MIN(1, (0.5*MAX(R12,0) + 1*K12)/100 ) -> 0
A13: 43843 | B13: Nepal | P13: 0 | R13: =J13-K13 -> 0 | S13: =MIN(1, (0.5*MAX(R13,0) + 1*K13)/100 ) -> 0
A14: 43844 | B14: Nepal | P14: 0 | R14: =J14-K14 -> 0 | S14: =MIN(1, (0.5*MAX(R14,0) + 1*K14)/100 ) -> 0
A15: 43845 | B15: Nepal | P15: 0 | R15: =J15-K15 -> 0 | S15: =MIN(1, (0.5*MAX(R15,0) + 1*K15)/100 ) -> 0
A16: 43846 | B16: Nepal | P16: 5.56 | R16: =J16-K16 -> 0 | S16: =MIN(1, (0.5*MAX(R16,0) + 1*K16)/100 ) -> 0
... A391: 44221 | B391: Nepal | P391: 57.41 | R391: =J391-K391 -> 0 | S391: =MIN(1, (0.5*MAX(R391,0) + 1*K391)/100 ) -> 0
A392: 44222 | B392: Nepal | C392: 0 | I392: 0 | P392: 57.41 | R392: =J392-K392 -> 0 | S392: =MIN(1, (0.5*MAX(R392,0) + 1*K392)/100 ) -> 0
A393: 44223 | B393: Nepal | H393: 18862 | M393: 617 | P393: 57.41 | R393: =J393-K393 -> 0 | S393: =MIN(1, (0.5*MAX(R393,0) + 1*K393)/100 ) -> 0
A394: 44224 | B394: Nepal | H394: 18862 | M394: 617 | P394: 57.41 | R394: =J394-K394 -> 0 | S394: =MIN(1, (0.5*MAX(R394,0) + 1*K394)/100 ) -> 0
A395: 44225 | B395: Nepal | H395: 18862 | M395: 617 | P395: 57.41 | R395: =J395-K395 -> 0 | S395: =MIN(1, (0.5*MAX(R395,0) + 1*K395)/100 ) -> 0
A396: 44226 | B396: Nepal | H396: 18862 | M396: 617 | P396: 57.41 | R396: =J396-K396 -> 0 | S396: =MIN(1, (0.5*MAX(R396,0) + 1*K396)/100 ) -> 0
A397: 44227 | B397: Nepal | H397: 18862 | M397: 617 | P397: 57.41 | R397: =J397-K397 -> 0 | S397: =MIN(1, (0.5*MAX(R397,0) + 1*K397)/100 ) -> 0
A398: 44228 | B398: Nepal | C398: 113175 | D398: 113175 | H398: 18862 | I398: 0.37 | J398: 0.37 | M398: 617 | P398: 57.41 | R398: =J398-K398 -> 0.37 | S398: =MIN(1, (0.5*MAX(R398,0) + 1*K398)/100 ) -> 0.00185
A399: 44229 | B399: Nepal | H399: 18326 | M399: 600 | N399: 15104 | O399: 0.049 | P399: 57.41 | R399: =J399-K399 -> 0 | S399: =MIN(1, (0.5*MAX(R399,0) + 1*K399)/100 ) -> 0
A400: 44230 | B400: Nepal | H400: 17789 | M400: 582 | N400: 15104 | O400: 0.049 | P400: 57.41 | R400: =J400-K400 -> 0 | S400: =MIN(1, (0.5*MAX(R400,0) + 1*K400)/100 ) -> 0
A401: 44231 | B401: Nepal | C401: 158487 | D401: 158487 | H401: 17252 | I401: 0.52 | J401: 0.52 | M401: 565 | N401: 15104 | O401: 0.049 | P401: 57.41 | R401: =J401-K401 -> 0.52 | S401: =MIN(1, (0.5*MAX(R401,0) + 1*K401)/100 ) -> 0.0026
A402: 44232 | B402: Nepal | H402: 16734 | M402: 548 | N402: 15137 | O402: 0.05 | P402: 57.41 | R402: =J402-K402 -> 0 | S402: =MIN(1, (0.5*MAX(R402,0) + 1*K402)/100 ) -> 0
A403: 44233 | B403: Nepal | H403: 16216 | M403: 531 | N403: 15157 | O403: 0.05 | P403: 57.41 | R403: =J403-K403 -> 0 | S403: =MIN(1, (0.5*MAX(R403,0) + 1*K403)/100 ) -> 0
A404: 44234 | B404: Nepal | H404: 15698 | M404: 514 | N404: 15170 | O404: 0.05 | P404: 57.41 | R404: =J404-K404 -> 0 | S404: =MIN(1, (0.5*MAX(R404,0) + 1*K404)/100 ) -> 0
A405: 44235 | B405: Nepal | H405: 15179 | M405: 497 | N405: 15179 | O405: 0.05 | P405: 57.41 | R405: =J405-K405 -> 0 | S405: =MIN(1, (0.5*MAX(R405,0) + 1*K405)/100 ) -> 0
A406: 44236 | B406: Nepal | H406: 15198 | M406: 498 | N406: 15198 | O406: 0.05 | P406: 57.41 | R406: =J406-K406 -> 0 | S406: =MIN(1, (0.5*MAX(R406,0) + 1*K406)/100 ) -> 0
A407: 44237 | B407: Nepal | H407: 15217 | M407: 498 | N407: 15217 | O407: 0.05 | P407: 57.41 | R407: =J407-K407 -> 0 | S407: =MIN(1, (0.5*MAX(R407,0) + 1*K407)/100 ) -> 0
A408: 44238 | B408: Nepal | H408: 15236 | M408: 499 | N408: 15236 | O408: 0.05 | P408: 52.78 | R408: =J408-K408 -> 0 | S408: =MIN(1, (0.5*MAX(R408,0) + 1*K408)/100 ) -> 0
A409: 44239 | B409: Nepal | H409: 15236 | M409: 499 | N409: 15236 | O409: 0.05 | P409: 52.78 | R409: =J409-K409 -> 0 | S409: =MIN(1, (0.5*MAX(R409,0) + 1*K409)/100 ) -> 0
A410: 44240 | B410: Nepal | H410: 15236 | M410: 499 | N410: 15236 | O410: 0.05 | P410: 52.78 | R410: =J410-K410 -> 0 | S410: =MIN(1, (0.5*MAX(R410,0) + 1*K410)/100 ) -> 0
A411: 44241 | B411: Nepal | H411: 15236 | M411: 499 | N411: 15236 | O411: 0.05 | P411: 52.78 | R411: =J411-K411 -> 0 | S411: =MIN(1, (0.5*MAX(R411,0) + 1*K411)/100 ) -> 0
A412: 44242 | B412: Nepal | H412: 15236 | M412: 499 | N412: 15236 | O412: 0.05 | P412: 52.78 | R412: =J412-K412 -> 0 | S412: =MIN(1, (0.5*MAX(R412,0) + 1*K412)/100 ) -> 0
A413: 44243 | B413: Nepal | H413: 15236 | M413: 499 | N413: 15236 | O413: 0.05 | P413: 52.78 | R413: =J413-K413 -> 0 | S413: =MIN(1, (0.5*MAX(R413,0) + 1*K413)/100 ) -> 0
... A416: 44246 | B416: Nepal | H416: 15236 | M416: 499 | N416: 15236 | O416: 0.05 | P416: 52.78 | R416: =J416-K416 -> 0 | S416: =MIN(1, (0.5*MAX(R416,0) + 1*K416)/100 ) -> 0
A417: 44247 | B417: Nepal | C417: 402264 | D417: 402264 | H417: 15236 | I417: 1.32 | J417: 1.32 | M417: 499 | N417: 15236 | O417: 0.05 | P417: 52.78 | R417: =J417-K417 -> 1.32 | S417: =MIN(1, (0.5*MAX(R417,0) + 1*K417)/100 ) -> 0.0066
A418: 44248 | B418: Nepal | H418: 19397 | M418: 635 | N418: 19397 | O418: 0.063 | P418: 52.78 | R418: =J418-K418 -> 0 | S418: =MIN(1, (0.5*MAX(R418,0) + 1*K418)/100 ) -> 0
A419: 44249 | B419: Nepal | H419: 23557 | M419: 771 | N419: 23557 | O419: 0.077 | P419: 52.78 | R419: =J419-K419 -> 0 | S419: =MIN(1, (0.5*MAX(R419,0) + 1*K419)/100 ) -> 0
A420: 44250 | B420: Nepal | H420: 27718 | M420: 907 | N420: 27718 | O420: 0.091 | P420: 52.78 | R420: =J420-K420 -> 0 | S420: =MIN(1, (0.5*MAX(R420,0) + 1*K420)/100 ) -> 0
A421: 44251 | B421: Nepal | H421: 31879 | M421: 1044 | N421: 31879 | O421: 0.104 | P421: 52.78 | R421: =J421-K421 -> 0 | S421: =MIN(1, (0.5*MAX(R421,0) + 1*K421)/100 ) -> 0
A422: 44252 | B422: Nepal | H422: 36039 | M422: 1180 | N422: 36039 | O422: 0.118 | P422: 52.78 | R422: =J422-K422 -> 0 | S422: =MIN(1, (0.5*MAX(R422,0) + 1*K422)/100 ) -> 0
A423: 44253 | B423: Nepal | H423: 40200 | M423: 1316 | N423: 40200 | O423: 0.132 | P423: 52.78 | R423: =J423-K423 -> 0 | S423: =MIN(1, (0.5*MAX(R423,0) + 1*K423)/100 ) -> 0
A424: 44254 | B424: Nepal | H424: 44361 | M424: 1452 | N424: 44361 | O424: 0.145 | P424: 52.78 | R424: =J424-K424 -> 0 | S424: =MIN(1, (0.5*MAX(R424,0) + 1*K424)/100 ) -> 0
A425: 44255 | B425: Nepal | H425: 44361 | M425: 1452 | N425: 44361 | O425: 0.145 | P425: 52.78 | R425: =J425-K425 -> 0 | S425: =MIN(1, (0.5*MAX(R425,0) + 1*K425)/100 ) -> 0
A426: 44256 | B426: Nepal | H426: 44361 | M426: 1452 | N426: 44361 | O426: 0.145 | P426: 52.78 | R426: =J426-K426 -> 0 | S426: =MIN(1, (0.5*MAX(R426,0) + 1*K426)/100 ) -> 0
A427: 44257 | B427: Nepal | H427: 44361 | M427: 1452 | N427: 44361 | O427: 0.145 | P427: 29.63 | R427: =J427-K427 -> 0 | S427: =MIN(1, (0.5*MAX(R427,0) + 1*K427)/100 ) -> 0
A428: 44258 | B428: Nepal | H428: 44361 | M428: 1452 | N428: 44361 | O428: 0.145 | P428: 29.63 | R428: =J428-K428 -> 0 | S428: =MIN(1, (0.5*MAX(R428,0) + 1*K428)/100 ) -> 0
A429: 44259 | B429: Nepal | H429: 44361 | M429: 1452 | N429: 44361 | O429: 0.145 | P429: 29.63 | R429: =J429-K429 -> 0 | S429: =MIN(1, (0.5*MAX(R429,0) + 1*K429)/100 ) -> 0
... A443: 44273 | B443: Nepal | H443: 44361 | M443: 1452 | N443: 44361 | O443: 0.145 | P443: 29.63 | R443: =J443-K443 -> 0 | S443: =MIN(1, (0.5*MAX(R443,0) + 1*K443)/100 ) -> 0
A444: 44274 | B444: Nepal | C444: 1600000 | D444: 1600000 | H444: 44361 | I444: 5.24 | J444: 5.24 | M444: 1452 | N444: 44361 | O444: 0.145 | P444: 29.63 | R444: =J444-K444 -> 5.24 | S444: =MIN(1, (0.5*MAX(R444,0) + 1*K444)/100 ) -> 0.0262
A445: 44275 | B445: Nepal | H445: 38864 | M445: 1272 | N445: 38864 | O445: 0.127 | P445: 29.63 | R445: =J445-K445 -> 0 | S445: =MIN(1, (0.5*MAX(R445,0) + 1*K445)/100 ) -> 0
A446: 44276 | B446: Nepal | H446: 33367 | M446: 1092 | N446: 33367 | O446: 0.109 | P446: 29.63 | R446: =J446-K446 -> 0 | S446: =MIN(1, (0.5*MAX(R446,0) + 1*K446)/100 ) -> 0
A447: 44277 | B447: Nepal | H447: 27870 | M447: 912 | N447: 27870 | O447: 0.091 | P447: 29.63 | R447: =J447-K447 -> 0 | S447: =MIN(1, (0.5*MAX(R447,0) + 1*K447)/100 ) -> 0
A448: 44278 | B448: Nepal | H448: 22373 | M448: 732 | N448: 22373 | O448: 0.073 | P448: 29.63 | R448: =J448-K448 -> 0 | S448: =MIN(1, (0.5*MAX(R448,0) + 1*K448)/100 ) -> 0
A449: 44279 | B449: Nepal | H449: 16876 | M449: 552 | N449: 16876 | O449: 0.055 | P449: 29.63 | R449: =J449-K449 -> 0 | S449: =MIN(1, (0.5*MAX(R449,0) + 1*K449)/100 ) -> 0
A450: 44280 | B450: Nepal | H450: 11379 | M450: 373 | N450: 11379 | O450: 0.037 | P450: 29.63 | R450: =J450-K450 -> 0 | S450: =MIN(1, (0.5*MAX(R450,0) + 1*K450)/100 ) -> 0
A451: 44281 | B451: Nepal | H451: 5882 | M451: 193 | N451: 5882 | O451: 0.019 | P451: 29.63 | R451: =J451-K451 -> 0 | S451: =MIN(1, (0.5*MAX(R451,0) + 1*K451)/100 ) -> 0
A452: 44282 | B452: Nepal | H452: 5882 | M452: 193 | N452: 5882 | O452: 0.019 | P452: 29.63 | R452: =J452-K452 -> 0 | S452: =MIN(1, (0.5*MAX(R452,0) + 1*K452)/100 ) -> 0
A453: 44283 | B453: Nepal | H453: 5882 | M453: 193 | N453: 5882 | O453: 0.019 | P453: 29.63 | R453: =J453-K453 -> 0 | S453: =MIN(1, (0.5*MAX(R453,0) + 1*K453)/100 ) -> 0
A454: 44284 | B454: Nepal | H454: 5882 | M454: 193 | N454: 5882 | O454: 0.019 | P454: 29.63 | R454: =J454-K454 -> 0 | S454: =MIN(1, (0.5*MAX(R454,0) + 1*K454)/100 ) -> 0
A455: 44285 | B455: Nepal | H455: 5882 | M455: 193 | N455: 5882 | O455: 0.019 | P455: 29.63 | R455: =J455-K455 -> 0 | S455: =MIN(1, (0.5*MAX(R455,0) + 1*K455)/100 ) -> 0
A456: 44286 | B456: Nepal | H456: 5882 | M456: 193 | N456: 5882 | O456: 0.019 | P456: 29.63 | R456: =J456-K456 -> 0 | S456: =MIN(1, (0.5*MAX(R456,0) + 1*K456)/100 ) -> 0
... A460: 44290 | B460: Nepal | H460: 5882 | M460: 193 | N460: 5882 | O460: 0.019 | P460: 29.63 | R460: =J460-K460 -> 0 | S460: =MIN(1, (0.5*MAX(R460,0) + 1*K460)/100 ) -> 0
A461: 44291 | B461: Nepal | C461: 1700000 | D461: 1700000 | H461: 5882 | I461: 5.57 | J461: 5.57 | M461: 193 | N461: 5882 | O461: 0.019 | P461: 29.63 | R461: =J461-K461 -> 5.57 | S461: =MIN(1, (0.5*MAX(R461,0) + 1*K461)/100 ) -> 0.02785
A462: 44292 | B462: Nepal | H462: 12630 | M462: 413 | N462: 12630 | O462: 0.041 | P462: 29.63 | R462: =J462-K462 -> 0 | S462: =MIN(1, (0.5*MAX(R462,0) + 1*K462)/100 ) -> 0
A463: 44293 | B463: Nepal | C463: 1806236 | D463: 1806236 | H463: 19378 | I463: 5.91 | J463: 5.91 | M463: 634 | N463: 19378 | O463: 0.063 | P463: 29.63 | R463: =J463-K463 -> 5.91 | S463: =MIN(1, (0.5*MAX(R463,0) + 1*K463)/100 ) -> 0.02955
A464: 44294 | B464: Nepal | C464: 1811658 | D464: 1811658 | G464: 5422 | H464: 19312 | I464: 5.93 | J464: 5.93 | M464: 632 | N464: 19312 | O464: 0.063 | P464: 29.63 | R464: =J464-K464 -> 5.93 | S464: =MIN(1, (0.5*MAX(R464,0) + 1*K464)/100 ) -> 0.02965
A465: 44295 | B465: Nepal | C465: 1835263 | D465: 1835263 | G465: 23605 | H465: 21844 | I465: 6.01 | J465: 6.01 | M465: 715 | N465: 21844 | O465: 0.072 | P465: 29.63 | R465: =J465-K465 -> 6.01 | S465: =MIN(1, (0.5*MAX(R465,0) + 1*K465)/100 ) -> 0.03005
A466: 44296 | B466: Nepal | C466: 1841124 | D466: 1841124 | G466: 5861 | H466: 21841 | I466: 6.03 | J466: 6.03 | M466: 715 | N466: 21841 | O466: 0.071 | P466: 29.63 | R466: =J466-K466 -> 6.03 | S466: =MIN(1, (0.5*MAX(R466,0) + 1*K466)/100 ) -> 0.03015
A467: 44297 | B467: Nepal | C467: 1850570 | D467: 1850570 | G467: 9446 | H467: 22350 | I467: 6.06 | J467: 6.06 | M467: 732 | N467: 22350 | O467: 0.073 | P467: 29.63 | R467: =J467-K467 -> 6.06 | S467: =MIN(1, (0.5*MAX(R467,0) + 1*K467)/100 ) -> 0.0303
A468: 44298 | B468: Nepal | H468: 23139 | M468: 757 | N468: 23139 | O468: 0.076 | P468: 29.63 | R468: =J468-K468 -> 0 | S468: =MIN(1, (0.5*MAX(R468,0) + 1*K468)/100 ) -> 0
A469: 44299 | B469: Nepal | C469: 1873377 | D469: 1873377 | H469: 17180 | I469: 6.13 | J469: 6.13 | M469: 562 | N469: 17180 | O469: 0.056 | P469: 28.7 | R469: =J469-K469 -> 6.13 | S469: =MIN(1, (0.5*MAX(R469,0) + 1*K469)/100 ) -> 0.03065
A470: 44300 | B470: Nepal | H470: 10476 | M470: 343 | N470: 10476 | O470: 0.034 | P470: 28.7 | R470: =J470-K470 -> 0 | S470: =MIN(1, (0.5*MAX(R470,0) + 1*K470)/100 ) -> 0
A471: 44301 | B471: Nepal | C471: 1885755 | D471: 1885755 | H471: 10585 | I471: 6.17 | J471: 6.17 | M471: 347 | N471: 10585 | O471: 0.035 | P471: 28.7 | R471: =J471-K471 -> 6.17 | S471: =MIN(1, (0.5*MAX(R471,0) + 1*K471)/100 ) -> 0.03085
A472: 44302 | B472: Nepal | C472: 1900583 | D472: 1900583 | G472: 14828 | H472: 9331 | I472: 6.22 | J472: 6.22 | M472: 305 | N472: 9331 | O472: 0.031 | P472: 28.7 | R472: =J472-K472 -> 6.22 | S472: =MIN(1, (0.5*MAX(R472,0) + 1*K472)/100 ) -> 0.0311
A473: 44303 | B473: Nepal | C473: 1910209 | D473: 1910209 | G473: 9626 | H473: 9869 | I473: 6.25 | J473: 6.25 | M473: 323 | N473: 9869 | O473: 0.032 | P473: 28.7 | R473: =J473-K473 -> 6.25 | S473: =MIN(1, (0.5*MAX(R473,0) + 1*K473)/100 ) -> 0.03125
A474: 44304 | B474: Nepal | C474: 1924703 | D474: 1924703 | G474: 14494 | H474: 10590 | I474: 6.3 | J474: 6.3 | M474: 347 | N474: 10590 | O474: 0.035 | P474: 28.7 | R474: =J474-K474 -> 6.3 | S474: =MIN(1, (0.5*MAX(R474,0) + 1*K474)/100 ) -> 0.0315
A475: 44305 | B475: Nepal | C475: 1938679 | D475: 1938679 | G475: 13976 | H475: 10958 | I475: 6.35 | J475: 6.35 | M475: 359 | N475: 10958 | O475: 0.036 | P475: 36.11 | R475: =J475-K475 -> 6.35 | S475: =MIN(1, (0.5*MAX(R475,0) + 1*K475)/100 ) -> 0.03175
A476: 44306 | B476: Nepal | C476: 1961992 | D476: 1961992 | G476: 23313 | H476: 12659 | I476: 6.42 | J476: 6.42 | M476: 414 | N476: 12659 | O476: 0.041 | P476: 36.11 | R476: =J476-K476 -> 6.42 | S476: =MIN(1, (0.5*MAX(R476,0) + 1*K476)/100 ) -> 0.0321
A477: 44307 | B477: Nepal | C477: 1966506 | D477: 1966506 | G477: 4514 | H477: 12420 | I477: 6.44 | J477: 6.44 | M477: 407 | N477: 12420 | O477: 0.041 | P477: 36.11 | R477: =J477-K477 -> 6.44 | S477: =MIN(1, (0.5*MAX(R477,0) + 1*K477)/100 ) -> 0.0322
A478: 44308 | B478: Nepal | C478: 1978239 | D478: 1978239 | G478: 11733 | H478: 13212 | I478: 6.48 | J478: 6.48 | M478: 433 | N478: 13212 | O478: 0.043 | P478: 36.11 | R478: =J478-K478 -> 6.48 | S478: =MIN(1, (0.5*MAX(R478,0) + 1*K478)/100 ) -> 0.0324
A479: 44309 | B479: Nepal | C479: 1989248 | D479: 1989248 | G479: 11009 | H479: 12666 | I479: 6.51 | J479: 6.51 | M479: 415 | N479: 12666 | O479: 0.041 | P479: 36.11 | R479: =J479-K479 -> 6.51 | S479: =MIN(1, (0.5*MAX(R479,0) + 1*K479)/100 ) -> 0.03255
A480: 44310 | B480: Nepal | H480: 12519 | M480: 410 | N480: 12519 | O480: 0.041 | P480: 36.11 | R480: =J480-K480 -> 0 | S480: =MIN(1, (0.5*MAX(R480,0) + 1*K480)/100 ) -> 0
A481: 44311 | B481: Nepal | C481: 2006436 | D481: 2006436 | H481: 11676 | I481: 6.57 | J481: 6.57 | M481: 382 | N481: 11676 | O481: 0.038 | P481: 36.11 | R481: =J481-K481 -> 6.57 | S481: =MIN(1, (0.5*MAX(R481,0) + 1*K481)/100 ) -> 0.03285
A482: 44312 | B482: Nepal | C482: 2019177 | D482: 2019177 | G482: 12741 | H482: 11500 | I482: 6.61 | J482: 6.61 | M482: 376 | N482: 11500 | O482: 0.038 | P482: 36.11 | R482: =J482-K482 -> 6.61 | S482: =MIN(1, (0.5*MAX(R482,0) + 1*K482)/100 ) -> 0.03305
A483: 44313 | B483: Nepal | C483: 2051440 | D483: 2051440 | G483: 32263 | H483: 12778 | I483: 6.72 | J483: 6.72 | M483: 418 | N483: 12778 | O483: 0.042 | P483: 36.11 | R483: =J483-K483 -> 6.72 | S483: =MIN(1, (0.5*MAX(R483,0) + 1*K483)/100 ) -> 0.0336
A484: 44314 | B484: Nepal | C484: 2091511 | D484: 2091511 | G484: 40071 | H484: 17858 | I484: 6.85 | J484: 6.85 | M484: 585 | N484: 17858 | O484: 0.058 | P484: 36.11 | R484: =J484-K484 -> 6.85 | S484: =MIN(1, (0.5*MAX(R484,0) + 1*K484)/100 ) -> 0.03425
A485: 44315 | B485: Nepal | H485: 21928 | M485: 718 | N485: 16182 | O485: 0.053 | P485: 91.67 | R485: =J485-K485 -> 0 | S485: =MIN(1, (0.5*MAX(R485,0) + 1*K485)/100 ) -> 0
A486: 44316 | B486: Nepal | H486: 26101 | M486: 854 | N486: 14609 | O486: 0.048 | P486: 91.67 | R486: =J486-K486 -> 0 | S486: =MIN(1, (0.5*MAX(R486,0) + 1*K486)/100 ) -> 0
A487: 44317 | B487: Nepal | H487: 30619 | M487: 1002 | N487: 13381 | O487: 0.044 | P487: 91.67 | R487: =J487-K487 -> 0 | S487: =MIN(1, (0.5*MAX(R487,0) + 1*K487)/100 ) -> 0
A488: 44318 | B488: Nepal | H488: 35138 | M488: 1150 | N488: 12154 | O488: 0.04 | P488: 91.67 | R488: =J488-K488 -> 0 | S488: =MIN(1, (0.5*MAX(R488,0) + 1*K488)/100 ) -> 0
A489: 44319 | B489: Nepal | H489: 39064 | M489: 1279 | N489: 10333 | O489: 0.034 | P489: 91.67 | R489: =J489-K489 -> 0 | S489: =MIN(1, (0.5*MAX(R489,0) + 1*K489)/100 ) -> 0
A490: 44320 | B490: Nepal | H490: 40201 | M490: 1316 | N490: 5724 | O490: 0.019 | P490: 94.44 | R490: =J490-K490 -> 0 | S490: =MIN(1, (0.5*MAX(R490,0) + 1*K490)/100 ) -> 0
A491: 44321 | B491: Nepal | H491: 40222 | M491: 1317 | N491: 0 | O491: 0 | P491: 94.44 | R491: =J491-K491 -> 0 | S491: =MIN(1, (0.5*MAX(R491,0) + 1*K491)/100 ) -> 0
A492: 44322 | B492: Nepal | H492: 40222 | M492: 1317 | N492: 0 | O492: 0 | P492: 94.44 | R492: =J492-K492 -> 0 | S492: =MIN(1, (0.5*MAX(R492,0) + 1*K492)/100 ) -> 0
...
